"rt","url","TrialNum","WhichTrial","trial_type","trial_index","trial_index_global","time_elapsed","internal_chunk_id","events","itemID","operation","equation_side","num1","num2","correct_form","view_history","WhichChunk"
"729","fixation.html","0","fixation","html","0","0","736","0-0.0-0","","","","","","","","",""
"2528","","0","equation","single-gm-equation","0","1","3284","0-0.0-0","[{""sys_time"":1440793093242,""expr_ascii"":""x+5=5"",""expr_x"":-255.046875,""expr_y"":-34.125,""expr_width"":300.05859375,""expr_height"":68.25,""sym_ascii"":""+"",""sym_x"":-210.03515625,""sym_y"":-34.125,""sym_width"":70.01171875,""sym_height"":68.25,""sel_ascii"":""+"",""sel_x"":-210.03515625,""sel_y"":-34.125,""sel_width"":70.01171875,""sel_height"":68.25,""evt_type"":""mouse"",""evt_subtype"":""touch"",""x"":-142,""y"":-8,""interaction_id"":1,""wi_interaction_id"":1,""wi_subevt_id"":1},{""sys_time"":1440793093314,""expr_ascii"":""x+5=5"",""expr_x"":-255.046875,""expr_y"":-34.125,""expr_width"":300.05859375,""expr_height"":68.25,""sym_ascii"":""+"",""sym_x"":-210.03515625,""sym_y"":-34.125,""sym_width"":70.01171875,""sym_height"":68.25,""sel_ascii"":""+5"",""sel_x"":-210.03515625,""sel_y"":-34.125,""sel_width"":115.0234375,""sel_height"":68.25,""evt_type"":""mouse"",""evt_subtype"":""drag"",""x"":-142,""y"":-8,""interaction_id"":1,""wi_interaction_id"":2,""wi_subevt_id"":1},{""sys_time"":1440793093315,""expr_ascii"":""x+5=5"",""expr_x"":-255.046875,""expr_y"":-34.125,""expr_width"":300.05859375,""expr_height"":68.25,""sel_ascii"":""+5"",""sel_x"":-210.03515625,""sel_y"":-34.125,""sel_width"":115.0234375,""sel_height"":68.25,""evt_type"":""mouse"",""evt_subtype"":""drag"",""x"":-102,""y"":-19,""interaction_id"":1,""wi_interaction_id"":3,""wi_subevt_id"":2},{""sys_time"":1440793093322,""expr_ascii"":""x+5=5"",""expr_x"":-255.046875,""expr_y"":-34.125,""expr_width"":300.05859375,""expr_height"":68.25,""sel_ascii"":""+5"",""sel_x"":-183.03515625,""sel_y"":-41.125,""sel_width"":115.0234375,""sel_height"":68.25,""evt_type"":""mouse"",""evt_subtype"":""drag"",""x"":-69,""y"":-26,""interaction_id"":1,""wi_interaction_id"":4,""wi_subevt_id"":3},{""sys_time"":1440793093341,""expr_ascii"":""x+5=5"",""expr_x"":-255.046875,""expr_y"":-34.125,""expr_width"":300.05859375,""expr_height"":68.25,""sel_ascii"":""+5"",""sel_x"":-150.03515625,""sel_y"":-48.125,""sel_width"":115.0234375,""sel_height"":68.25,""evt_type"":""mouse"",""evt_subtype"":""drag"",""x"":-22,""y"":-35,""interaction_id"":1,""wi_interaction_id"":5,""wi_subevt_id"":4},{""sys_time"":1440793093362,""expr_ascii"":""x+5=5"",""expr_x"":-255.046875,""expr_y"":-34.125,""expr_width"":300.05859375,""expr_height"":68.25,""sel_ascii"":""+5"",""sel_x"":-103.03515625,""sel_y"":-57.125,""sel_width"":115.0234375,""sel_height"":68.25,""evt_type"":""mouse"",""evt_subtype"":""drag"",""x"":34,""y"":-43,""interaction_id"":1,""wi_interaction_id"":6,""wi_subevt_id"":5},{""sys_time"":1440793093392,""evt_type"":""math"",""evt_subtype"":""invert terms across equation"",""expr_ascii"":""x=5-5"",""interaction_id"":1,""wi_interaction_id"":7,""wi_subevt_id"":1},{""sys_time"":1440793093410,""expr_ascii"":""x=5-5"",""expr_x"":-232.0703125,""expr_y"":-34.125,""expr_width"":300.05859375,""expr_height"":68.25,""sel_ascii"":""-5"",""sel_x"":-47.03515625,""sel_y"":-65.125,""sel_width"":115.0234375,""sel_height"":68.25,""evt_type"":""mouse"",""evt_subtype"":""drag"",""x"":194,""y"":-49,""interaction_id"":1,""wi_interaction_id"":8,""wi_subevt_id"":6},{""sys_time"":1440793093426,""expr_ascii"":""x=5-5"",""expr_x"":-232.0703125,""expr_y"":-34.125,""expr_width"":300.05859375,""expr_height"":68.25,""sel_ascii"":""-5"",""sel_x"":112.96484375,""sel_y"":-71.125,""sel_width"":115.0234375,""sel_height"":68.25,""evt_type"":""mouse"",""evt_subtype"":""drag"",""x"":216,""y"":-49,""interaction_id"":1,""wi_interaction_id"":9,""wi_subevt_id"":7},{""sys_time"":1440793093442,""expr_ascii"":""x=5-5"",""expr_x"":-232.0703125,""expr_y"":-34.125,""expr_width"":300.05859375,""expr_height"":68.25,""sel_ascii"":""-5"",""sel_x"":134.96484375,""sel_y"":-71.125,""sel_width"":115.0234375,""sel_height"":68.25,""evt_type"":""mouse"",""evt_subtype"":""drag"",""x"":238,""y"":-49,""interaction_id"":1,""wi_interaction_id"":10,""wi_subevt_id"":8},{""sys_time"":1440793093460,""expr_ascii"":""x=5-5"",""expr_x"":-232.0703125,""expr_y"":-34.125,""expr_width"":300.05859375,""expr_height"":68.25,""sel_ascii"":""-5"",""sel_x"":156.96484375,""sel_y"":-71.125,""sel_width"":115.0234375,""sel_height"":68.25,""evt_type"":""mouse"",""evt_subtype"":""drag"",""x"":247,""y"":-49,""interaction_id"":1,""wi_interaction_id"":11,""wi_subevt_id"":9},{""sys_time"":1440793093477,""expr_ascii"":""x=5-5"",""expr_x"":-232.0703125,""expr_y"":-34.125,""expr_width"":300.05859375,""expr_height"":68.25,""sel_ascii"":""-5"",""sel_x"":165.96484375,""sel_y"":-71.125,""sel_width"":115.0234375,""sel_height"":68.25,""evt_type"":""mouse"",""evt_subtype"":""drag"",""x"":255,""y"":-49,""interaction_id"":1,""wi_interaction_id"":12,""wi_subevt_id"":10},{""sys_time"":1440793093494,""expr_ascii"":""x=5-5"",""expr_x"":-232.0703125,""expr_y"":-34.125,""expr_width"":300.05859375,""expr_height"":68.25,""sel_ascii"":""-5"",""sel_x"":173.96484375,""sel_y"":-71.125,""sel_width"":115.0234375,""sel_height"":68.25,""evt_type"":""mouse"",""evt_subtype"":""drag"",""x"":258,""y"":-49,""interaction_id"":1,""wi_interaction_id"":13,""wi_subevt_id"":11},{""sys_time"":1440793093511,""expr_ascii"":""x=5-5"",""expr_x"":-232.0703125,""expr_y"":-34.125,""expr_width"":300.05859375,""expr_height"":68.25,""sel_ascii"":""-5"",""sel_x"":176.96484375,""sel_y"":-71.125,""sel_width"":115.0234375,""sel_height"":68.25,""evt_type"":""mouse"",""evt_subtype"":""drag"",""x"":260,""y"":-49,""interaction_id"":1,""wi_interaction_id"":14,""wi_subevt_id"":12},{""sys_time"":1440793093528,""expr_ascii"":""x=5-5"",""expr_x"":-232.0703125,""expr_y"":-34.125,""expr_width"":300.05859375,""expr_height"":68.25,""sel_ascii"":""-5"",""sel_x"":178.96484375,""sel_y"":-71.125,""sel_width"":115.0234375,""sel_height"":68.25,""evt_type"":""mouse"",""evt_subtype"":""drag"",""x"":261,""y"":-49,""interaction_id"":1,""wi_interaction_id"":15,""wi_subevt_id"":13},{""sys_time"":1440793093561,""evt_type"":""mouse"",""evt_subtype"":""release"",""x"":261,""y"":-49,""expr_ascii"":""x=5-5"",""interaction_id"":1,""wi_interaction_id"":16,""wi_subevt_id"":1},{""sys_time"":1440793095086,""expr_ascii"":""x=5-5"",""expr_x"":-140.0234375,""expr_y"":-34.125,""expr_width"":300.05859375,""expr_height"":68.25,""sym_ascii"":""-"",""sym_x"":45.01171875,""sym_y"":-34.125,""sym_width"":70.01171875,""sym_height"":68.25,""sel_ascii"":""-"",""sel_x"":45.01171875,""sel_y"":-34.125,""sel_width"":70.01171875,""sel_height"":68.25,""evt_type"":""mouse"",""evt_subtype"":""touch"",""x"":95,""y"":-7,""interaction_id"":2,""wi_interaction_id"":1,""wi_subevt_id"":1},{""sys_time"":1440793095093,""evt_type"":""mouse"",""evt_subtype"":""release"",""x"":95,""y"":-7,""expr_ascii"":""x=5-5"",""interaction_id"":2,""wi_interaction_id"":2,""wi_subevt_id"":1},{""sys_time"":1440793095094,""expr_ascii"":""x=5-5"",""expr_x"":-140.0234375,""expr_y"":-34.125,""expr_width"":300.05859375,""expr_height"":68.25,""sym_ascii"":""-"",""sym_x"":45.01171875,""sym_y"":-34.125,""sym_width"":70.01171875,""sym_height"":68.25,""sel_ascii"":""-"",""sel_x"":45.01171875,""sel_y"":-34.125,""sel_width"":70.01171875,""sel_height"":68.25,""evt_type"":""mouse"",""evt_subtype"":""tap"",""x"":95,""y"":-7,""interaction_id"":2,""wi_interaction_id"":3,""wi_subevt_id"":1},{""sys_time"":1440793095106,""evt_type"":""math"",""evt_subtype"":""add or subtract numbers"",""expr_ascii"":""x=0"",""interaction_id"":2,""wi_interaction_id"":4,""wi_subevt_id"":1}]","41","+","left","5","5","x=0","",""
"1034","fixation.html","1","fixation","html","0","2","5079","0-0.1-0","","","","","","","","",""
"4756","","1","equation","single-gm-equation","0","3","9844","0-0.1-0","[{""sys_time"":1440793098053,""expr_ascii"":""x+6=7"",""expr_x"":-255.046875,""expr_y"":-34.125,""expr_width"":300.05859375,""expr_height"":68.25,""sym_ascii"":""6"",""sym_x"":-140.0234375,""sym_y"":-34.125,""sym_width"":45.01171875,""sym_height"":68.25,""sel_ascii"":""6"",""sel_x"":-140.0234375,""sel_y"":-34.125,""sel_width"":45.01171875,""sel_height"":68.25,""evt_type"":""mouse"",""evt_subtype"":""touch"",""x"":-128,""y"":0,""interaction_id"":1,""wi_interaction_id"":1,""wi_subevt_id"":1},{""sys_time"":1440793098060,""evt_type"":""mouse"",""evt_subtype"":""release"",""x"":-128,""y"":0,""expr_ascii"":""x+6=7"",""interaction_id"":1,""wi_interaction_id"":2,""wi_subevt_id"":1},{""sys_time"":1440793098061,""expr_ascii"":""x+6=7"",""expr_x"":-255.046875,""expr_y"":-34.125,""expr_width"":300.05859375,""expr_height"":68.25,""sym_ascii"":""6"",""sym_x"":-140.0234375,""sym_y"":-34.125,""sym_width"":45.01171875,""sym_height"":68.25,""sel_ascii"":""6"",""sel_x"":-140.0234375,""sel_y"":-34.125,""sel_width"":45.01171875,""sel_height"":68.25,""evt_type"":""mouse"",""evt_subtype"":""tap"",""x"":-128,""y"":0,""interaction_id"":1,""wi_interaction_id"":3,""wi_subevt_id"":1},{""sys_time"":1440793098781,""expr_ascii"":""x+6=7"",""expr_x"":-255.046875,""expr_y"":-34.125,""expr_width"":300.05859375,""expr_height"":68.25,""sym_ascii"":""+"",""sym_x"":-210.03515625,""sym_y"":-34.125,""sym_width"":70.01171875,""sym_height"":68.25,""sel_ascii"":""+"",""sel_x"":-210.03515625,""sel_y"":-34.125,""sel_width"":70.01171875,""sel_height"":68.25,""evt_type"":""mouse"",""evt_subtype"":""touch"",""x"":-177,""y"":0,""interaction_id"":2,""wi_interaction_id"":1,""wi_subevt_id"":1},{""sys_time"":1440793098787,""evt_type"":""mouse"",""evt_subtype"":""release"",""x"":-177,""y"":0,""expr_ascii"":""x+6=7"",""interaction_id"":2,""wi_interaction_id"":2,""wi_subevt_id"":1},{""sys_time"":1440793098789,""expr_ascii"":""x+6=7"",""expr_x"":-255.046875,""expr_y"":-34.125,""expr_width"":300.05859375,""expr_height"":68.25,""sym_ascii"":""+"",""sym_x"":-210.03515625,""sym_y"":-34.125,""sym_width"":70.01171875,""sym_height"":68.25,""sel_ascii"":""+"",""sel_x"":-210.03515625,""sel_y"":-34.125,""sel_width"":70.01171875,""sel_height"":68.25,""evt_type"":""mouse"",""evt_subtype"":""tap"",""x"":-177,""y"":0,""interaction_id"":2,""wi_interaction_id"":3,""wi_subevt_id"":1},{""sys_time"":1440793099456,""expr_ascii"":""x+6=7"",""expr_x"":-255.046875,""expr_y"":-34.125,""expr_width"":300.05859375,""expr_height"":68.25,""sym_ascii"":""7"",""sym_x"":0,""sym_y"":-34.125,""sym_width"":45.01171875,""sym_height"":68.25,""sel_ascii"":""7"",""sel_x"":0,""sel_y"":-34.125,""sel_width"":45.01171875,""sel_height"":68.25,""evt_type"":""mouse"",""evt_subtype"":""touch"",""x"":15,""y"":3,""interaction_id"":3,""wi_interaction_id"":1,""wi_subevt_id"":1},{""sys_time"":1440793099582,""expr_ascii"":""x+6=7"",""expr_x"":-255.046875,""expr_y"":-34.125,""expr_width"":300.05859375,""expr_height"":68.25,""sym_ascii"":""7"",""sym_x"":0,""sym_y"":-34.125,""sym_width"":45.01171875,""sym_height"":68.25,""sel_ascii"":""7"",""sel_x"":0,""sel_y"":-34.125,""sel_width"":45.01171875,""sel_height"":68.25,""evt_type"":""mouse"",""evt_subtype"":""drag"",""x"":15,""y"":3,""interaction_id"":3,""wi_interaction_id"":2,""wi_subevt_id"":1},{""sys_time"":1440793099583,""expr_ascii"":""x+6=7"",""expr_x"":-255.046875,""expr_y"":-34.125,""expr_width"":300.05859375,""expr_height"":68.25,""sel_ascii"":""7"",""sel_x"":0,""sel_y"":-34.125,""sel_width"":45.01171875,""sel_height"":68.25,""evt_type"":""mouse"",""evt_subtype"":""drag"",""x"":5,""y"":-22,""interaction_id"":3,""wi_interaction_id"":3,""wi_subevt_id"":2},{""sys_time"":1440793099596,""expr_ascii"":""x+6=7"",""expr_x"":-255.046875,""expr_y"":-34.125,""expr_width"":300.05859375,""expr_height"":68.25,""sel_ascii"":""7"",""sel_x"":-7,""sel_y"":-43.125,""sel_width"":45.01171875,""sel_height"":68.25,""evt_type"":""mouse"",""evt_subtype"":""drag"",""x"":-14,""y"":-40,""interaction_id"":3,""wi_interaction_id"":4,""wi_subevt_id"":3},{""sys_time"":1440793099615,""expr_ascii"":""x+6=7"",""expr_x"":-255.046875,""expr_y"":-34.125,""expr_width"":300.05859375,""expr_height"":68.25,""sel_ascii"":""7"",""sel_x"":-26,""sel_y"":-61.125,""sel_width"":45.01171875,""sel_height"":68.25,""evt_type"":""mouse"",""evt_subtype"":""drag"",""x"":-33,""y"":-57,""interaction_id"":3,""wi_interaction_id"":5,""wi_subevt_id"":4},{""sys_time"":1440793099630,""expr_ascii"":""x+6=7"",""expr_x"":-255.046875,""expr_y"":-34.125,""expr_width"":300.05859375,""expr_height"":68.25,""sel_ascii"":""7"",""sel_x"":-45,""sel_y"":-78.125,""sel_width"":45.01171875,""sel_height"":68.25,""evt_type"":""mouse"",""evt_subtype"":""drag"",""x"":-51,""y"":-70,""interaction_id"":3,""wi_interaction_id"":6,""wi_subevt_id"":5},{""sys_time"":1440793099647,""expr_ascii"":""x+6=7"",""expr_x"":-255.046875,""expr_y"":-34.125,""expr_width"":300.05859375,""expr_height"":68.25,""sel_ascii"":""7"",""sel_x"":-63,""sel_y"":-91.125,""sel_width"":45.01171875,""sel_height"":68.25,""evt_type"":""mouse"",""evt_subtype"":""drag"",""x"":-67,""y"":-79,""interaction_id"":3,""wi_interaction_id"":7,""wi_subevt_id"":6},{""sys_time"":1440793099664,""expr_ascii"":""x+6=7"",""expr_x"":-255.046875,""expr_y"":-34.125,""expr_width"":300.05859375,""expr_height"":68.25,""sel_ascii"":""7"",""sel_x"":-79,""sel_y"":-100.125,""sel_width"":45.01171875,""sel_height"":68.25,""evt_type"":""mouse"",""evt_subtype"":""drag"",""x"":-83,""y"":-87,""interaction_id"":3,""wi_interaction_id"":8,""wi_subevt_id"":7},{""sys_time"":1440793099681,""expr_ascii"":""x+6=7"",""expr_x"":-255.046875,""expr_y"":-34.125,""expr_width"":300.05859375,""expr_height"":68.25,""sel_ascii"":""7"",""sel_x"":-95,""sel_y"":-108.125,""sel_width"":45.01171875,""sel_height"":68.25,""evt_type"":""mouse"",""evt_subtype"":""drag"",""x"":-93,""y"":-89,""interaction_id"":3,""wi_interaction_id"":9,""wi_subevt_id"":8},{""sys_time"":1440793099698,""expr_ascii"":""x+6=7"",""expr_x"":-255.046875,""expr_y"":-34.125,""expr_width"":300.05859375,""expr_height"":68.25,""sel_ascii"":""7"",""sel_x"":-105,""sel_y"":-110.125,""sel_width"":45.01171875,""sel_height"":68.25,""evt_type"":""mouse"",""evt_subtype"":""drag"",""x"":-102,""y"":-91,""interaction_id"":3,""wi_interaction_id"":10,""wi_subevt_id"":9},{""sys_time"":1440793099734,""evt_type"":""math"",""evt_subtype"":""composed action of inverting terms across an equation and commuting"",""expr_ascii"":""x+6-7=0"",""interaction_id"":3,""wi_interaction_id"":11,""wi_subevt_id"":1},{""sys_time"":1440793099754,""expr_ascii"":""x+6-7=0"",""expr_x"":-344.046875,""expr_y"":-34.125,""expr_width"":415.08203125,""expr_height"":68.25,""sel_ascii"":""-7"",""sel_x"":-184.01171875,""sel_y"":-112.125,""sel_width"":115.0234375,""sel_height"":68.25,""evt_type"":""mouse"",""evt_subtype"":""drag"",""x"":-116,""y"":-91,""interaction_id"":3,""wi_interaction_id"":12,""wi_subevt_id"":10},{""sys_time"":1440793099765,""expr_ascii"":""x+6-7=0"",""expr_x"":-344.046875,""expr_y"":-34.125,""expr_width"":415.08203125,""expr_height"":68.25,""sel_ascii"":""-7"",""sel_x"":-198.01171875,""sel_y"":-112.125,""sel_width"":115.0234375,""sel_height"":68.25,""evt_type"":""mouse"",""evt_subtype"":""drag"",""x"":-120,""y"":-91,""interaction_id"":3,""wi_interaction_id"":13,""wi_subevt_id"":11},{""sys_time"":1440793099785,""expr_ascii"":""x+6-7=0"",""expr_x"":-344.046875,""expr_y"":-34.125,""expr_width"":415.08203125,""expr_height"":68.25,""sel_ascii"":""-7"",""sel_x"":-202.01171875,""sel_y"":-112.125,""sel_width"":115.0234375,""sel_height"":68.25,""evt_type"":""mouse"",""evt_subtype"":""drag"",""x"":-122,""y"":-89,""interaction_id"":3,""wi_interaction_id"":14,""wi_subevt_id"":12},{""sys_time"":1440793099800,""expr_ascii"":""x+6-7=0"",""expr_x"":-344.046875,""expr_y"":-34.125,""expr_width"":415.08203125,""expr_height"":68.25,""sel_ascii"":""-7"",""sel_x"":-204.01171875,""sel_y"":-110.125,""sel_width"":115.0234375,""sel_height"":68.25,""evt_type"":""mouse"",""evt_subtype"":""drag"",""x"":-125,""y"":-85,""interaction_id"":3,""wi_interaction_id"":15,""wi_subevt_id"":13},{""sys_time"":1440793099818,""expr_ascii"":""x+6-7=0"",""expr_x"":-344.046875,""expr_y"":-34.125,""expr_width"":415.08203125,""expr_height"":68.25,""sel_ascii"":""-7"",""sel_x"":-207.01171875,""sel_y"":-106.125,""sel_width"":115.0234375,""sel_height"":68.25,""evt_type"":""mouse"",""evt_subtype"":""drag"",""x"":-128,""y"":-81,""interaction_id"":3,""wi_interaction_id"":16,""wi_subevt_id"":14},{""sys_time"":1440793099834,""expr_ascii"":""x+6-7=0"",""expr_x"":-344.046875,""expr_y"":-34.125,""expr_width"":415.08203125,""expr_height"":68.25,""sel_ascii"":""-7"",""sel_x"":-210.01171875,""sel_y"":-102.125,""sel_width"":115.0234375,""sel_height"":68.25,""evt_type"":""mouse"",""evt_subtype"":""drag"",""x"":-131,""y"":-75,""interaction_id"":3,""wi_interaction_id"":17,""wi_subevt_id"":15},{""sys_time"":1440793099886,""expr_ascii"":""x+6-7=0"",""expr_x"":-344.046875,""expr_y"":-34.125,""expr_width"":415.08203125,""expr_height"":68.25,""sel_ascii"":""-7"",""sel_x"":-213.01171875,""sel_y"":-96.125,""sel_width"":115.0234375,""sel_height"":68.25,""evt_type"":""mouse"",""evt_subtype"":""drag"",""x"":-136,""y"":-67,""interaction_id"":3,""wi_interaction_id"":18,""wi_subevt_id"":16},{""sys_time"":1440793099887,""expr_ascii"":""x+6-7=0"",""expr_x"":-344.046875,""expr_y"":-34.125,""expr_width"":415.08203125,""expr_height"":68.25,""sel_ascii"":""-7"",""sel_x"":-218.01171875,""sel_y"":-88.125,""sel_width"":115.0234375,""sel_height"":68.25,""evt_type"":""mouse"",""evt_subtype"":""drag"",""x"":-138,""y"":-63,""interaction_id"":3,""wi_interaction_id"":19,""wi_subevt_id"":17},{""sys_time"":1440793099903,""expr_ascii"":""x+6-7=0"",""expr_x"":-344.046875,""expr_y"":-34.125,""expr_width"":415.08203125,""expr_height"":68.25,""sel_ascii"":""-7"",""sel_x"":-220.01171875,""sel_y"":-84.125,""sel_width"":115.0234375,""sel_height"":68.25,""evt_type"":""mouse"",""evt_subtype"":""drag"",""x"":-140,""y"":-60,""interaction_id"":3,""wi_interaction_id"":20,""wi_subevt_id"":18},{""sys_time"":1440793099918,""expr_ascii"":""x+6-7=0"",""expr_x"":-344.046875,""expr_y"":-34.125,""expr_width"":415.08203125,""expr_height"":68.25,""sel_ascii"":""-7"",""sel_x"":-222.01171875,""sel_y"":-81.125,""sel_width"":115.0234375,""sel_height"":68.25,""evt_type"":""mouse"",""evt_subtype"":""drag"",""x"":-141,""y"":-58,""interaction_id"":3,""wi_interaction_id"":21,""wi_subevt_id"":19},{""sys_time"":1440793099939,""expr_ascii"":""x+6-7=0"",""expr_x"":-344.046875,""expr_y"":-34.125,""expr_width"":415.08203125,""expr_height"":68.25,""sel_ascii"":""-7"",""sel_x"":-223.01171875,""sel_y"":-79.125,""sel_width"":115.0234375,""sel_height"":68.25,""evt_type"":""mouse"",""evt_subtype"":""drag"",""x"":-142,""y"":-56,""interaction_id"":3,""wi_interaction_id"":22,""wi_subevt_id"":20},{""sys_time"":1440793099953,""expr_ascii"":""x+6-7=0"",""expr_x"":-344.046875,""expr_y"":-34.125,""expr_width"":415.08203125,""expr_height"":68.25,""sel_ascii"":""-7"",""sel_x"":-224.01171875,""sel_y"":-77.125,""sel_width"":115.0234375,""sel_height"":68.25,""evt_type"":""mouse"",""evt_subtype"":""drag"",""x"":-142,""y"":-55,""interaction_id"":3,""wi_interaction_id"":23,""wi_subevt_id"":21},{""sys_time"":1440793099970,""evt_type"":""mouse"",""evt_subtype"":""release"",""x"":-142,""y"":-55,""expr_ascii"":""x+6-7=0"",""interaction_id"":3,""wi_interaction_id"":24,""wi_subevt_id"":1},{""sys_time"":1440793100672,""expr_ascii"":""x+6-7=0"",""expr_x"":-370.0703125,""expr_y"":-34.125,""expr_width"":415.08203125,""expr_height"":68.25,""sym_ascii"":""-"",""sym_x"":-210.03515625,""sym_y"":-34.125,""sym_width"":70.01171875,""sym_height"":68.25,""sel_ascii"":""-"",""sel_x"":-210.03515625,""sel_y"":-34.125,""sel_width"":70.01171875,""sel_height"":68.25,""evt_type"":""mouse"",""evt_subtype"":""touch"",""x"":-160,""y"":10,""interaction_id"":4,""wi_interaction_id"":1,""wi_subevt_id"":1},{""sys_time"":1440793100680,""evt_type"":""mouse"",""evt_subtype"":""release"",""x"":-160,""y"":10,""expr_ascii"":""x+6-7=0"",""interaction_id"":4,""wi_interaction_id"":2,""wi_subevt_id"":1},{""sys_time"":1440793100681,""expr_ascii"":""x+6-7=0"",""expr_x"":-370.0703125,""expr_y"":-34.125,""expr_width"":415.08203125,""expr_height"":68.25,""sym_ascii"":""-"",""sym_x"":-210.03515625,""sym_y"":-34.125,""sym_width"":70.01171875,""sym_height"":68.25,""sel_ascii"":""-"",""sel_x"":-210.03515625,""sel_y"":-34.125,""sel_width"":70.01171875,""sel_height"":68.25,""evt_type"":""mouse"",""evt_subtype"":""tap"",""x"":-160,""y"":10,""interaction_id"":4,""wi_interaction_id"":3,""wi_subevt_id"":1},{""sys_time"":1440793100695,""evt_type"":""math"",""evt_subtype"":""add or subtract numbers"",""expr_ascii"":""x-1=0"",""interaction_id"":4,""wi_interaction_id"":4,""wi_subevt_id"":1},{""sys_time"":1440793101291,""expr_ascii"":""x-1=0"",""expr_x"":-255.046875,""expr_y"":-34.125,""expr_width"":300.05859375,""expr_height"":68.25,""sym_ascii"":""1"",""sym_x"":-140.0234375,""sym_y"":-34.125,""sym_width"":45.01171875,""sym_height"":68.25,""sel_ascii"":""1"",""sel_x"":-140.0234375,""sel_y"":-34.125,""sel_width"":45.01171875,""sel_height"":68.25,""evt_type"":""mouse"",""evt_subtype"":""touch"",""x"":-138,""y"":2,""interaction_id"":5,""wi_interaction_id"":1,""wi_subevt_id"":1},{""sys_time"":1440793101379,""expr_ascii"":""x-1=0"",""expr_x"":-255.046875,""expr_y"":-34.125,""expr_width"":300.05859375,""expr_height"":68.25,""sym_ascii"":""1"",""sym_x"":-140.0234375,""sym_y"":-34.125,""sym_width"":45.01171875,""sym_height"":68.25,""sel_ascii"":""-1"",""sel_x"":-210.03515625,""sel_y"":-34.125,""sel_width"":115.0234375,""sel_height"":68.25,""evt_type"":""mouse"",""evt_subtype"":""drag"",""x"":-138,""y"":2,""interaction_id"":5,""wi_interaction_id"":2,""wi_subevt_id"":1},{""sys_time"":1440793101379,""expr_ascii"":""x-1=0"",""expr_x"":-255.046875,""expr_y"":-34.125,""expr_width"":300.05859375,""expr_height"":68.25,""sel_ascii"":""-1"",""sel_x"":-210.03515625,""sel_y"":-34.125,""sel_width"":115.0234375,""sel_height"":68.25,""evt_type"":""mouse"",""evt_subtype"":""drag"",""x"":-110,""y"":-6,""interaction_id"":5,""wi_interaction_id"":3,""wi_subevt_id"":2},{""sys_time"":1440793101390,""expr_ascii"":""x-1=0"",""expr_x"":-255.046875,""expr_y"":-34.125,""expr_width"":300.05859375,""expr_height"":68.25,""sel_ascii"":""-1"",""sel_x"":-194.03515625,""sel_y"":-38.125,""sel_width"":115.0234375,""sel_height"":68.25,""evt_type"":""mouse"",""evt_subtype"":""drag"",""x"":-89,""y"":-11,""interaction_id"":5,""wi_interaction_id"":4,""wi_subevt_id"":3},{""sys_time"":1440793101407,""expr_ascii"":""x-1=0"",""expr_x"":-255.046875,""expr_y"":-34.125,""expr_width"":300.05859375,""expr_height"":68.25,""sel_ascii"":""-1"",""sel_x"":-173.03515625,""sel_y"":-43.125,""sel_width"":115.0234375,""sel_height"":68.25,""evt_type"":""mouse"",""evt_subtype"":""drag"",""x"":-54,""y"":-16,""interaction_id"":5,""wi_interaction_id"":5,""wi_subevt_id"":4},{""sys_time"":1440793101467,""expr_ascii"":""x-1=0"",""expr_x"":-255.046875,""expr_y"":-34.125,""expr_width"":300.05859375,""expr_height"":68.25,""sel_ascii"":""-1"",""sel_x"":-138.03515625,""sel_y"":-48.125,""sel_width"":115.0234375,""sel_height"":68.25,""evt_type"":""mouse"",""evt_subtype"":""drag"",""x"":29,""y"":-18,""interaction_id"":5,""wi_interaction_id"":6,""wi_subevt_id"":5},{""sys_time"":1440793101487,""evt_type"":""math"",""evt_subtype"":""composed action of inverting terms across an equation and commuting"",""expr_ascii"":""x=1+0"",""interaction_id"":5,""wi_interaction_id"":7,""wi_subevt_id"":1},{""sys_time"":1440793101505,""expr_ascii"":""x=1+0"",""expr_x"":-112.546875,""expr_y"":-34.125,""expr_width"":287.55859375,""expr_height"":68.25,""sel_ascii"":""+1"",""sel_x"":14.9765625,""sel_y"":-50.125,""sel_width"":45.01171875,""sel_height"":68.25,""evt_type"":""mouse"",""evt_subtype"":""drag"",""x"":57,""y"":-17,""interaction_id"":5,""wi_interaction_id"":8,""wi_subevt_id"":6},{""sys_time"":1440793101513,""expr_ascii"":""x=1+0"",""expr_x"":-112.546875,""expr_y"":-34.125,""expr_width"":287.55859375,""expr_height"":68.25,""sel_ascii"":""+1"",""sel_x"":42.9765625,""sel_y"":-49.125,""sel_width"":45.01171875,""sel_height"":68.25,""evt_type"":""mouse"",""evt_subtype"":""drag"",""x"":61,""y"":-16,""interaction_id"":5,""wi_interaction_id"":9,""wi_subevt_id"":7},{""sys_time"":1440793101530,""expr_ascii"":""x=1+0"",""expr_x"":-112.546875,""expr_y"":-34.125,""expr_width"":287.55859375,""expr_height"":68.25,""sel_ascii"":""+1"",""sel_x"":46.9765625,""sel_y"":-48.125,""sel_width"":45.01171875,""sel_height"":68.25,""evt_type"":""mouse"",""evt_subtype"":""drag"",""x"":64,""y"":-15,""interaction_id"":5,""wi_interaction_id"":10,""wi_subevt_id"":8},{""sys_time"":1440793101547,""expr_ascii"":""x=1+0"",""expr_x"":-112.546875,""expr_y"":-34.125,""expr_width"":287.55859375,""expr_height"":68.25,""sel_ascii"":""+1"",""sel_x"":49.9765625,""sel_y"":-47.125,""sel_width"":45.01171875,""sel_height"":68.25,""evt_type"":""mouse"",""evt_subtype"":""drag"",""x"":65,""y"":-14,""interaction_id"":5,""wi_interaction_id"":11,""wi_subevt_id"":9},{""sys_time"":1440793101656,""evt_type"":""mouse"",""evt_subtype"":""release"",""x"":65,""y"":-14,""expr_ascii"":""x=1+0"",""interaction_id"":5,""wi_interaction_id"":12,""wi_subevt_id"":1},{""sys_time"":1440793101673,""evt_type"":""math"",""evt_subtype"":""simplify terms after interaction"",""expr_ascii"":""x=1"",""interaction_id"":5,""wi_interaction_id"":13,""wi_subevt_id"":1}]","52","+","left","6","7","x=1","",""
"1558","","","instructions","instructions","0","4","12153","0-0","","","","","","","","[{""page_index"":0,""viewing_time"":1558}]",""
"1175","fixation.html","0","fixation","html","0","5","14337","0-0.3-0","","","","","","","","",""
"3271","","0","equation","single-gm-equation","0","6","17615","0-0.3-0","[{""sys_time"":1440793107948,""expr_ascii"":""x+5=5"",""expr_x"":-255.046875,""expr_y"":-34.125,""expr_width"":300.05859375,""expr_height"":68.25,""sym_ascii"":""5"",""sym_x"":-140.0234375,""sym_y"":-34.125,""sym_width"":45.01171875,""sym_height"":68.25,""sel_ascii"":""5"",""sel_x"":-140.0234375,""sel_y"":-34.125,""sel_width"":45.01171875,""sel_height"":68.25,""evt_type"":""mouse"",""evt_subtype"":""touch"",""x"":-118,""y"":2,""interaction_id"":1,""wi_interaction_id"":1,""wi_subevt_id"":1},{""sys_time"":1440793108123,""expr_ascii"":""x+5=5"",""expr_x"":-255.046875,""expr_y"":-34.125,""expr_width"":300.05859375,""expr_height"":68.25,""sym_ascii"":""5"",""sym_x"":-140.0234375,""sym_y"":-34.125,""sym_width"":45.01171875,""sym_height"":68.25,""sel_ascii"":""+5"",""sel_x"":-210.03515625,""sel_y"":-34.125,""sel_width"":115.0234375,""sel_height"":68.25,""evt_type"":""mouse"",""evt_subtype"":""drag"",""x"":-118,""y"":2,""interaction_id"":1,""wi_interaction_id"":2,""wi_subevt_id"":1},{""sys_time"":1440793108124,""expr_ascii"":""x+5=5"",""expr_x"":-255.046875,""expr_y"":-34.125,""expr_width"":300.05859375,""expr_height"":68.25,""sel_ascii"":""+5"",""sel_x"":-210.03515625,""sel_y"":-34.125,""sel_width"":115.0234375,""sel_height"":68.25,""evt_type"":""mouse"",""evt_subtype"":""drag"",""x"":-65,""y"":-19,""interaction_id"":1,""wi_interaction_id"":3,""wi_subevt_id"":2},{""sys_time"":1440793108129,""expr_ascii"":""x+5=5"",""expr_x"":-255.046875,""expr_y"":-34.125,""expr_width"":300.05859375,""expr_height"":68.25,""sel_ascii"":""+5"",""sel_x"":-180.03515625,""sel_y"":-48.125,""sel_width"":115.0234375,""sel_height"":68.25,""evt_type"":""mouse"",""evt_subtype"":""drag"",""x"":-45,""y"":-26,""interaction_id"":1,""wi_interaction_id"":4,""wi_subevt_id"":3},{""sys_time"":1440793108148,""expr_ascii"":""x+5=5"",""expr_x"":-255.046875,""expr_y"":-34.125,""expr_width"":300.05859375,""expr_height"":68.25,""sel_ascii"":""+5"",""sel_x"":-160.03515625,""sel_y"":-55.125,""sel_width"":115.0234375,""sel_height"":68.25,""evt_type"":""mouse"",""evt_subtype"":""drag"",""x"":-16,""y"":-39,""interaction_id"":1,""wi_interaction_id"":5,""wi_subevt_id"":4},{""sys_time"":1440793108163,""expr_ascii"":""x+5=5"",""expr_x"":-255.046875,""expr_y"":-34.125,""expr_width"":300.05859375,""expr_height"":68.25,""sel_ascii"":""+5"",""sel_x"":-131.03515625,""sel_y"":-68.125,""sel_width"":115.0234375,""sel_height"":68.25,""evt_type"":""mouse"",""evt_subtype"":""drag"",""x"":11,""y"":-47,""interaction_id"":1,""wi_interaction_id"":6,""wi_subevt_id"":5},{""sys_time"":1440793108185,""expr_ascii"":""x+5=5"",""expr_x"":-255.046875,""expr_y"":-34.125,""expr_width"":300.05859375,""expr_height"":68.25,""sel_ascii"":""+5"",""sel_x"":-104.03515625,""sel_y"":-76.125,""sel_width"":115.0234375,""sel_height"":68.25,""evt_type"":""mouse"",""evt_subtype"":""drag"",""x"":32,""y"":-52,""interaction_id"":1,""wi_interaction_id"":7,""wi_subevt_id"":6},{""sys_time"":1440793108196,""expr_ascii"":""x+5=5"",""expr_x"":-255.046875,""expr_y"":-34.125,""expr_width"":300.05859375,""expr_height"":68.25,""sel_ascii"":""+5"",""sel_x"":-83.03515625,""sel_y"":-81.125,""sel_width"":115.0234375,""sel_height"":68.25,""evt_type"":""mouse"",""evt_subtype"":""drag"",""x"":52,""y"":-55,""interaction_id"":1,""wi_interaction_id"":8,""wi_subevt_id"":7},{""sys_time"":1440793108212,""evt_type"":""math"",""evt_subtype"":""composed action of inverting terms across an equation and commuting"",""expr_ascii"":""x=-5+5"",""interaction_id"":1,""wi_interaction_id"":9,""wi_subevt_id"":1},{""sys_time"":1440793108236,""expr_ascii"":""x=-5+5"",""expr_x"":-178.05859375,""expr_y"":-34.125,""expr_width"":357.5703125,""expr_height"":68.25,""sel_ascii"":""-5"",""sel_x"":-38.03515625,""sel_y"":-84.125,""sel_width"":102.5234375,""sel_height"":68.25,""evt_type"":""mouse"",""evt_subtype"":""drag"",""x"":86,""y"":-57,""interaction_id"":1,""wi_interaction_id"":10,""wi_subevt_id"":8},{""sys_time"":1440793108249,""expr_ascii"":""x=-5+5"",""expr_x"":-178.05859375,""expr_y"":-34.125,""expr_width"":357.5703125,""expr_height"":68.25,""sel_ascii"":""-5"",""sel_x"":-4.03515625,""sel_y"":-86.125,""sel_width"":102.5234375,""sel_height"":68.25,""evt_type"":""mouse"",""evt_subtype"":""drag"",""x"":102,""y"":-57,""interaction_id"":1,""wi_interaction_id"":11,""wi_subevt_id"":9},{""sys_time"":1440793108264,""expr_ascii"":""x=-5+5"",""expr_x"":-178.05859375,""expr_y"":-34.125,""expr_width"":357.5703125,""expr_height"":68.25,""sel_ascii"":""-5"",""sel_x"":11.96484375,""sel_y"":-86.125,""sel_width"":102.5234375,""sel_height"":68.25,""evt_type"":""mouse"",""evt_subtype"":""drag"",""x"":114,""y"":-57,""interaction_id"":1,""wi_interaction_id"":12,""wi_subevt_id"":10},{""sys_time"":1440793108283,""expr_ascii"":""x=-5+5"",""expr_x"":-178.05859375,""expr_y"":-34.125,""expr_width"":357.5703125,""expr_height"":68.25,""sel_ascii"":""-5"",""sel_x"":23.96484375,""sel_y"":-86.125,""sel_width"":102.5234375,""sel_height"":68.25,""evt_type"":""mouse"",""evt_subtype"":""drag"",""x"":127,""y"":-54,""interaction_id"":1,""wi_interaction_id"":13,""wi_subevt_id"":11},{""sys_time"":1440793108299,""expr_ascii"":""x=-5+5"",""expr_x"":-178.05859375,""expr_y"":-34.125,""expr_width"":357.5703125,""expr_height"":68.25,""sel_ascii"":""-5"",""sel_x"":36.96484375,""sel_y"":-83.125,""sel_width"":102.5234375,""sel_height"":68.25,""evt_type"":""mouse"",""evt_subtype"":""drag"",""x"":140,""y"":-50,""interaction_id"":1,""wi_interaction_id"":14,""wi_subevt_id"":12},{""sys_time"":1440793108315,""expr_ascii"":""x=-5+5"",""expr_x"":-178.05859375,""expr_y"":-34.125,""expr_width"":357.5703125,""expr_height"":68.25,""sel_ascii"":""-5"",""sel_x"":49.96484375,""sel_y"":-79.125,""sel_width"":102.5234375,""sel_height"":68.25,""evt_type"":""mouse"",""evt_subtype"":""drag"",""x"":149,""y"":-46,""interaction_id"":1,""wi_interaction_id"":15,""wi_subevt_id"":13},{""sys_time"":1440793108332,""expr_ascii"":""x=-5+5"",""expr_x"":-178.05859375,""expr_y"":-34.125,""expr_width"":357.5703125,""expr_height"":68.25,""sel_ascii"":""-5"",""sel_x"":58.96484375,""sel_y"":-75.125,""sel_width"":102.5234375,""sel_height"":68.25,""evt_type"":""mouse"",""evt_subtype"":""drag"",""x"":158,""y"":-42,""interaction_id"":1,""wi_interaction_id"":16,""wi_subevt_id"":14},{""sys_time"":1440793108348,""expr_ascii"":""x=-5+5"",""expr_x"":-178.05859375,""expr_y"":-34.125,""expr_width"":357.5703125,""expr_height"":68.25,""sel_ascii"":""-5"",""sel_x"":67.96484375,""sel_y"":-71.125,""sel_width"":102.5234375,""sel_height"":68.25,""evt_type"":""mouse"",""evt_subtype"":""drag"",""x"":163,""y"":-39,""interaction_id"":1,""wi_interaction_id"":17,""wi_subevt_id"":15},{""sys_time"":1440793108365,""expr_ascii"":""x=-5+5"",""expr_x"":-178.05859375,""expr_y"":-34.125,""expr_width"":357.5703125,""expr_height"":68.25,""sel_ascii"":""-5"",""sel_x"":72.96484375,""sel_y"":-68.125,""sel_width"":102.5234375,""sel_height"":68.25,""evt_type"":""mouse"",""evt_subtype"":""drag"",""x"":169,""y"":-37,""interaction_id"":1,""wi_interaction_id"":18,""wi_subevt_id"":16},{""sys_time"":1440793108383,""expr_ascii"":""x=-5+5"",""expr_x"":-178.05859375,""expr_y"":-34.125,""expr_width"":357.5703125,""expr_height"":68.25,""sel_ascii"":""-5"",""sel_x"":78.96484375,""sel_y"":-66.125,""sel_width"":102.5234375,""sel_height"":68.25,""evt_type"":""mouse"",""evt_subtype"":""drag"",""x"":173,""y"":-36,""interaction_id"":1,""wi_interaction_id"":19,""wi_subevt_id"":17},{""sys_time"":1440793108399,""expr_ascii"":""x=-5+5"",""expr_x"":-178.05859375,""expr_y"":-34.125,""expr_width"":357.5703125,""expr_height"":68.25,""sel_ascii"":""-5"",""sel_x"":82.96484375,""sel_y"":-65.125,""sel_width"":102.5234375,""sel_height"":68.25,""evt_type"":""mouse"",""evt_subtype"":""drag"",""x"":176,""y"":-35,""interaction_id"":1,""wi_interaction_id"":20,""wi_subevt_id"":18},{""sys_time"":1440793108416,""expr_ascii"":""x=-5+5"",""expr_x"":-178.05859375,""expr_y"":-34.125,""expr_width"":357.5703125,""expr_height"":68.25,""sel_ascii"":""-5"",""sel_x"":85.96484375,""sel_y"":-64.125,""sel_width"":102.5234375,""sel_height"":68.25,""evt_type"":""mouse"",""evt_subtype"":""drag"",""x"":179,""y"":-34,""interaction_id"":1,""wi_interaction_id"":21,""wi_subevt_id"":19},{""sys_time"":1440793108430,""evt_type"":""mouse"",""evt_subtype"":""release"",""x"":179,""y"":-34,""expr_ascii"":""x=-5+5"",""interaction_id"":1,""wi_interaction_id"":22,""wi_subevt_id"":1},{""sys_time"":1440793109427,""expr_ascii"":""x=-5+5"",""expr_x"":-140.0234375,""expr_y"":-34.125,""expr_width"":357.5703125,""expr_height"":68.25,""sym_ascii"":""+"",""sym_x"":102.5234375,""sym_y"":-34.125,""sym_width"":70.01171875,""sym_height"":68.25,""sel_ascii"":""+"",""sel_x"":102.5234375,""sel_y"":-34.125,""sel_width"":70.01171875,""sel_height"":68.25,""evt_type"":""mouse"",""evt_subtype"":""touch"",""x"":142,""y"":-5,""interaction_id"":2,""wi_interaction_id"":1,""wi_subevt_id"":1},{""sys_time"":1440793109434,""evt_type"":""mouse"",""evt_subtype"":""release"",""x"":142,""y"":-5,""expr_ascii"":""x=-5+5"",""interaction_id"":2,""wi_interaction_id"":2,""wi_subevt_id"":1},{""sys_time"":1440793109435,""expr_ascii"":""x=-5+5"",""expr_x"":-140.0234375,""expr_y"":-34.125,""expr_width"":357.5703125,""expr_height"":68.25,""sym_ascii"":""+"",""sym_x"":102.5234375,""sym_y"":-34.125,""sym_width"":70.01171875,""sym_height"":68.25,""sel_ascii"":""+"",""sel_x"":102.5234375,""sel_y"":-34.125,""sel_width"":70.01171875,""sel_height"":68.25,""evt_type"":""mouse"",""evt_subtype"":""tap"",""x"":142,""y"":-5,""interaction_id"":2,""wi_interaction_id"":3,""wi_subevt_id"":1},{""sys_time"":1440793109444,""evt_type"":""math"",""evt_subtype"":""add or subtract numbers"",""expr_ascii"":""x=0"",""interaction_id"":2,""wi_interaction_id"":4,""wi_subevt_id"":1}]","41","+","left","5","5","x=0","",""
"1140","","","rest","instructions","0","7","19506","0-0","","","","","","","","[{""page_index"":0,""viewing_time"":1140}]",""
"2131","fixation.html","1","fixation","html","0","8","22647","0-0.5-0","","","","","","","","","experimental-trial"
"2046","","1","equation","single-gm-equation","0","9","24704","0-0.5-0","[{""sys_time"":1440793115213,""expr_ascii"":""x+6=7"",""expr_x"":-255.046875,""expr_y"":-34.125,""expr_width"":300.05859375,""expr_height"":68.25,""sym_ascii"":""6"",""sym_x"":-140.0234375,""sym_y"":-34.125,""sym_width"":45.01171875,""sym_height"":68.25,""sel_ascii"":""6"",""sel_x"":-140.0234375,""sel_y"":-34.125,""sel_width"":45.01171875,""sel_height"":68.25,""evt_type"":""mouse"",""evt_subtype"":""touch"",""x"":-116,""y"":-9,""interaction_id"":1,""wi_interaction_id"":1,""wi_subevt_id"":1},{""sys_time"":1440793115323,""expr_ascii"":""x+6=7"",""expr_x"":-255.046875,""expr_y"":-34.125,""expr_width"":300.05859375,""expr_height"":68.25,""sym_ascii"":""6"",""sym_x"":-140.0234375,""sym_y"":-34.125,""sym_width"":45.01171875,""sym_height"":68.25,""sel_ascii"":""+6"",""sel_x"":-210.03515625,""sel_y"":-34.125,""sel_width"":115.0234375,""sel_height"":68.25,""evt_type"":""mouse"",""evt_subtype"":""drag"",""x"":-116,""y"":-9,""interaction_id"":1,""wi_interaction_id"":2,""wi_subevt_id"":1},{""sys_time"":1440793115324,""expr_ascii"":""x+6=7"",""expr_x"":-255.046875,""expr_y"":-34.125,""expr_width"":300.05859375,""expr_height"":68.25,""sel_ascii"":""+6"",""sel_x"":-210.03515625,""sel_y"":-34.125,""sel_width"":115.0234375,""sel_height"":68.25,""evt_type"":""mouse"",""evt_subtype"":""drag"",""x"":-84,""y"":-9,""interaction_id"":1,""wi_interaction_id"":3,""wi_subevt_id"":2},{""sys_time"":1440793115332,""expr_ascii"":""x+6=7"",""expr_x"":-255.046875,""expr_y"":-34.125,""expr_width"":300.05859375,""expr_height"":68.25,""sel_ascii"":""+6"",""sel_x"":-193.03515625,""sel_y"":-34.125,""sel_width"":115.0234375,""sel_height"":68.25,""evt_type"":""mouse"",""evt_subtype"":""drag"",""x"":-60,""y"":-9,""interaction_id"":1,""wi_interaction_id"":4,""wi_subevt_id"":3},{""sys_time"":1440793115349,""expr_ascii"":""x+6=7"",""expr_x"":-255.046875,""expr_y"":-34.125,""expr_width"":300.05859375,""expr_height"":68.25,""sel_ascii"":""+6"",""sel_x"":-169.03515625,""sel_y"":-34.125,""sel_width"":115.0234375,""sel_height"":68.25,""evt_type"":""mouse"",""evt_subtype"":""drag"",""x"":-36,""y"":-9,""interaction_id"":1,""wi_interaction_id"":5,""wi_subevt_id"":4},{""sys_time"":1440793115367,""expr_ascii"":""x+6=7"",""expr_x"":-255.046875,""expr_y"":-34.125,""expr_width"":300.05859375,""expr_height"":68.25,""sel_ascii"":""+6"",""sel_x"":-145.03515625,""sel_y"":-34.125,""sel_width"":115.0234375,""sel_height"":68.25,""evt_type"":""mouse"",""evt_subtype"":""drag"",""x"":-14,""y"":-9,""interaction_id"":1,""wi_interaction_id"":6,""wi_subevt_id"":5},{""sys_time"":1440793115386,""expr_ascii"":""x+6=7"",""expr_x"":-255.046875,""expr_y"":-34.125,""expr_width"":300.05859375,""expr_height"":68.25,""sel_ascii"":""+6"",""sel_x"":-123.03515625,""sel_y"":-34.125,""sel_width"":115.0234375,""sel_height"":68.25,""evt_type"":""mouse"",""evt_subtype"":""drag"",""x"":2,""y"":-9,""interaction_id"":1,""wi_interaction_id"":7,""wi_subevt_id"":6},{""sys_time"":1440793115401,""expr_ascii"":""x+6=7"",""expr_x"":-255.046875,""expr_y"":-34.125,""expr_width"":300.05859375,""expr_height"":68.25,""sel_ascii"":""+6"",""sel_x"":-107.03515625,""sel_y"":-34.125,""sel_width"":115.0234375,""sel_height"":68.25,""evt_type"":""mouse"",""evt_subtype"":""drag"",""x"":29,""y"":-9,""interaction_id"":1,""wi_interaction_id"":8,""wi_subevt_id"":7},{""sys_time"":1440793115418,""expr_ascii"":""x+6=7"",""expr_x"":-255.046875,""expr_y"":-34.125,""expr_width"":300.05859375,""expr_height"":68.25,""sel_ascii"":""+6"",""sel_x"":-80.03515625,""sel_y"":-34.125,""sel_width"":115.0234375,""sel_height"":68.25,""evt_type"":""mouse"",""evt_subtype"":""drag"",""x"":45,""y"":-8,""interaction_id"":1,""wi_interaction_id"":9,""wi_subevt_id"":8},{""sys_time"":1440793115437,""evt_type"":""math"",""evt_subtype"":""composed action of inverting terms across an equation and commuting"",""expr_ascii"":""x=-6+7"",""interaction_id"":1,""wi_interaction_id"":10,""wi_subevt_id"":1},{""sys_time"":1440793115451,""expr_ascii"":""x=-6+7"",""expr_x"":-179.05859375,""expr_y"":-34.125,""expr_width"":357.5703125,""expr_height"":68.25,""sel_ascii"":""-6"",""sel_x"":-39.03515625,""sel_y"":-33.125,""sel_width"":102.5234375,""sel_height"":68.25,""evt_type"":""mouse"",""evt_subtype"":""drag"",""x"":67,""y"":-3,""interaction_id"":1,""wi_interaction_id"":11,""wi_subevt_id"":9},{""sys_time"":1440793115452,""expr_ascii"":""x=-6+7"",""expr_x"":-179.05859375,""expr_y"":-34.125,""expr_width"":357.5703125,""expr_height"":68.25,""sel_ascii"":""-6"",""sel_x"":-17.03515625,""sel_y"":-28.125,""sel_width"":102.5234375,""sel_height"":68.25,""evt_type"":""mouse"",""evt_subtype"":""drag"",""x"":82,""y"":2,""interaction_id"":1,""wi_interaction_id"":12,""wi_subevt_id"":10},{""sys_time"":1440793115469,""expr_ascii"":""x=-6+7"",""expr_x"":-179.05859375,""expr_y"":-34.125,""expr_width"":357.5703125,""expr_height"":68.25,""sel_ascii"":""-6"",""sel_x"":-2.03515625,""sel_y"":-23.125,""sel_width"":102.5234375,""sel_height"":68.25,""evt_type"":""mouse"",""evt_subtype"":""drag"",""x"":98,""y"":9,""interaction_id"":1,""wi_interaction_id"":13,""wi_subevt_id"":11},{""sys_time"":1440793115485,""expr_ascii"":""x=-6+7"",""expr_x"":-179.05859375,""expr_y"":-34.125,""expr_width"":357.5703125,""expr_height"":68.25,""sel_ascii"":""-6"",""sel_x"":13.96484375,""sel_y"":-16.125,""sel_width"":102.5234375,""sel_height"":68.25,""evt_type"":""mouse"",""evt_subtype"":""drag"",""x"":108,""y"":12,""interaction_id"":1,""wi_interaction_id"":14,""wi_subevt_id"":12},{""sys_time"":1440793115502,""expr_ascii"":""x=-6+7"",""expr_x"":-179.05859375,""expr_y"":-34.125,""expr_width"":357.5703125,""expr_height"":68.25,""sel_ascii"":""-6"",""sel_x"":23.96484375,""sel_y"":-13.125,""sel_width"":102.5234375,""sel_height"":68.25,""evt_type"":""mouse"",""evt_subtype"":""drag"",""x"":120,""y"":17,""interaction_id"":1,""wi_interaction_id"":15,""wi_subevt_id"":13},{""sys_time"":1440793115520,""expr_ascii"":""x=-6+7"",""expr_x"":-179.05859375,""expr_y"":-34.125,""expr_width"":357.5703125,""expr_height"":68.25,""sel_ascii"":""-6"",""sel_x"":35.96484375,""sel_y"":-8.125,""sel_width"":102.5234375,""sel_height"":68.25,""evt_type"":""mouse"",""evt_subtype"":""drag"",""x"":129,""y"":20,""interaction_id"":1,""wi_interaction_id"":16,""wi_subevt_id"":14},{""sys_time"":1440793115537,""expr_ascii"":""x=-6+7"",""expr_x"":-179.05859375,""expr_y"":-34.125,""expr_width"":357.5703125,""expr_height"":68.25,""sel_ascii"":""-6"",""sel_x"":44.96484375,""sel_y"":-5.125,""sel_width"":102.5234375,""sel_height"":68.25,""evt_type"":""mouse"",""evt_subtype"":""drag"",""x"":136,""y"":23,""interaction_id"":1,""wi_interaction_id"":17,""wi_subevt_id"":15},{""sys_time"":1440793115554,""expr_ascii"":""x=-6+7"",""expr_x"":-179.05859375,""expr_y"":-34.125,""expr_width"":357.5703125,""expr_height"":68.25,""sel_ascii"":""-6"",""sel_x"":51.96484375,""sel_y"":-2.125,""sel_width"":102.5234375,""sel_height"":68.25,""evt_type"":""mouse"",""evt_subtype"":""drag"",""x"":142,""y"":24,""interaction_id"":1,""wi_interaction_id"":18,""wi_subevt_id"":16},{""sys_time"":1440793115571,""expr_ascii"":""x=-6+7"",""expr_x"":-179.05859375,""expr_y"":-34.125,""expr_width"":357.5703125,""expr_height"":68.25,""sel_ascii"":""-6"",""sel_x"":57.96484375,""sel_y"":-1.125,""sel_width"":102.5234375,""sel_height"":68.25,""evt_type"":""mouse"",""evt_subtype"":""drag"",""x"":146,""y"":27,""interaction_id"":1,""wi_interaction_id"":19,""wi_subevt_id"":17},{""sys_time"":1440793115589,""evt_type"":""mouse"",""evt_subtype"":""release"",""x"":146,""y"":27,""expr_ascii"":""x=-6+7"",""interaction_id"":1,""wi_interaction_id"":20,""wi_subevt_id"":1},{""sys_time"":1440793116439,""expr_ascii"":""x=-6+7"",""expr_x"":-140.0234375,""expr_y"":-34.125,""expr_width"":357.5703125,""expr_height"":68.25,""sym_ascii"":""+"",""sym_x"":102.5234375,""sym_y"":-34.125,""sym_width"":70.01171875,""sym_height"":68.25,""sel_ascii"":""+"",""sel_x"":102.5234375,""sel_y"":-34.125,""sel_width"":70.01171875,""sel_height"":68.25,""evt_type"":""mouse"",""evt_subtype"":""touch"",""x"":137,""y"":-3,""interaction_id"":2,""wi_interaction_id"":1,""wi_subevt_id"":1},{""sys_time"":1440793116519,""evt_type"":""mouse"",""evt_subtype"":""release"",""x"":137,""y"":-3,""expr_ascii"":""x=-6+7"",""interaction_id"":2,""wi_interaction_id"":2,""wi_subevt_id"":1},{""sys_time"":1440793116520,""expr_ascii"":""x=-6+7"",""expr_x"":-140.0234375,""expr_y"":-34.125,""expr_width"":357.5703125,""expr_height"":68.25,""sym_ascii"":""+"",""sym_x"":102.5234375,""sym_y"":-34.125,""sym_width"":70.01171875,""sym_height"":68.25,""sel_ascii"":""+"",""sel_x"":102.5234375,""sel_y"":-34.125,""sel_width"":70.01171875,""sel_height"":68.25,""evt_type"":""mouse"",""evt_subtype"":""tap"",""x"":137,""y"":-3,""interaction_id"":2,""wi_interaction_id"":3,""wi_subevt_id"":1},{""sys_time"":1440793116532,""evt_type"":""math"",""evt_subtype"":""add or subtract numbers"",""expr_ascii"":""x=1"",""interaction_id"":2,""wi_interaction_id"":4,""wi_subevt_id"":1}]","52","+","left","6","7","x=1","","experimental-trial"
"862","","","rest","instructions","0","10","26317","0-0","","","","","","","","[{""page_index"":0,""viewing_time"":861}]",""
"1409","fixation.html","2","fixation","html","0","11","28737","0-0.7-0","","","","","","","","","experimental-trial"
"2184","","2","equation","single-gm-equation","0","12","30930","0-0.7-0","[{""sys_time"":1440793121072,""expr_ascii"":""x+6=6"",""expr_x"":-255.046875,""expr_y"":-34.125,""expr_width"":300.05859375,""expr_height"":68.25,""sym_ascii"":""6"",""sym_x"":-140.0234375,""sym_y"":-34.125,""sym_width"":45.01171875,""sym_height"":68.25,""sel_ascii"":""6"",""sel_x"":-140.0234375,""sel_y"":-34.125,""sel_width"":45.01171875,""sel_height"":68.25,""evt_type"":""mouse"",""evt_subtype"":""touch"",""x"":-115,""y"":5,""interaction_id"":1,""wi_interaction_id"":1,""wi_subevt_id"":1},{""sys_time"":1440793121175,""expr_ascii"":""x+6=6"",""expr_x"":-255.046875,""expr_y"":-34.125,""expr_width"":300.05859375,""expr_height"":68.25,""sym_ascii"":""6"",""sym_x"":-140.0234375,""sym_y"":-34.125,""sym_width"":45.01171875,""sym_height"":68.25,""sel_ascii"":""+6"",""sel_x"":-210.03515625,""sel_y"":-34.125,""sel_width"":115.0234375,""sel_height"":68.25,""evt_type"":""mouse"",""evt_subtype"":""drag"",""x"":-115,""y"":5,""interaction_id"":1,""wi_interaction_id"":2,""wi_subevt_id"":1},{""sys_time"":1440793121176,""expr_ascii"":""x+6=6"",""expr_x"":-255.046875,""expr_y"":-34.125,""expr_width"":300.05859375,""expr_height"":68.25,""sel_ascii"":""+6"",""sel_x"":-210.03515625,""sel_y"":-34.125,""sel_width"":115.0234375,""sel_height"":68.25,""evt_type"":""mouse"",""evt_subtype"":""drag"",""x"":-66,""y"":5,""interaction_id"":1,""wi_interaction_id"":3,""wi_subevt_id"":2},{""sys_time"":1440793121187,""expr_ascii"":""x+6=6"",""expr_x"":-255.046875,""expr_y"":-34.125,""expr_width"":300.05859375,""expr_height"":68.25,""sel_ascii"":""+6"",""sel_x"":-176.03515625,""sel_y"":-34.125,""sel_width"":115.0234375,""sel_height"":68.25,""evt_type"":""mouse"",""evt_subtype"":""drag"",""x"":-25,""y"":5,""interaction_id"":1,""wi_interaction_id"":4,""wi_subevt_id"":3},{""sys_time"":1440793121205,""expr_ascii"":""x+6=6"",""expr_x"":-255.046875,""expr_y"":-34.125,""expr_width"":300.05859375,""expr_height"":68.25,""sel_ascii"":""+6"",""sel_x"":-135.03515625,""sel_y"":-34.125,""sel_width"":115.0234375,""sel_height"":68.25,""evt_type"":""mouse"",""evt_subtype"":""drag"",""x"":28,""y"":5,""interaction_id"":1,""wi_interaction_id"":5,""wi_subevt_id"":4},{""sys_time"":1440793121221,""expr_ascii"":""x+6=6"",""expr_x"":-255.046875,""expr_y"":-34.125,""expr_width"":300.05859375,""expr_height"":68.25,""sel_ascii"":""+6"",""sel_x"":-82.03515625,""sel_y"":-34.125,""sel_width"":115.0234375,""sel_height"":68.25,""evt_type"":""mouse"",""evt_subtype"":""drag"",""x"":64,""y"":5,""interaction_id"":1,""wi_interaction_id"":6,""wi_subevt_id"":5},{""sys_time"":1440793121241,""evt_type"":""math"",""evt_subtype"":""invert terms across equation"",""expr_ascii"":""x=6-6"",""interaction_id"":1,""wi_interaction_id"":7,""wi_subevt_id"":1},{""sys_time"":1440793121256,""expr_ascii"":""x=6-6"",""expr_x"":-231.0703125,""expr_y"":-34.125,""expr_width"":300.05859375,""expr_height"":68.25,""sel_ascii"":""-6"",""sel_x"":-46.03515625,""sel_y"":-34.125,""sel_width"":115.0234375,""sel_height"":68.25,""evt_type"":""mouse"",""evt_subtype"":""drag"",""x"":141,""y"":5,""interaction_id"":1,""wi_interaction_id"":8,""wi_subevt_id"":6},{""sys_time"":1440793121271,""expr_ascii"":""x=6-6"",""expr_x"":-231.0703125,""expr_y"":-34.125,""expr_width"":300.05859375,""expr_height"":68.25,""sel_ascii"":""-6"",""sel_x"":30.96484375,""sel_y"":-34.125,""sel_width"":115.0234375,""sel_height"":68.25,""evt_type"":""mouse"",""evt_subtype"":""drag"",""x"":161,""y"":5,""interaction_id"":1,""wi_interaction_id"":9,""wi_subevt_id"":7},{""sys_time"":1440793121288,""expr_ascii"":""x=6-6"",""expr_x"":-231.0703125,""expr_y"":-34.125,""expr_width"":300.05859375,""expr_height"":68.25,""sel_ascii"":""-6"",""sel_x"":50.96484375,""sel_y"":-34.125,""sel_width"":115.0234375,""sel_height"":68.25,""evt_type"":""mouse"",""evt_subtype"":""drag"",""x"":176,""y"":5,""interaction_id"":1,""wi_interaction_id"":10,""wi_subevt_id"":8},{""sys_time"":1440793121307,""expr_ascii"":""x=6-6"",""expr_x"":-231.0703125,""expr_y"":-34.125,""expr_width"":300.05859375,""expr_height"":68.25,""sel_ascii"":""-6"",""sel_x"":65.96484375,""sel_y"":-34.125,""sel_width"":115.0234375,""sel_height"":68.25,""evt_type"":""mouse"",""evt_subtype"":""drag"",""x"":186,""y"":6,""interaction_id"":1,""wi_interaction_id"":11,""wi_subevt_id"":9},{""sys_time"":1440793121322,""expr_ascii"":""x=6-6"",""expr_x"":-231.0703125,""expr_y"":-34.125,""expr_width"":300.05859375,""expr_height"":68.25,""sel_ascii"":""-6"",""sel_x"":75.96484375,""sel_y"":-33.125,""sel_width"":115.0234375,""sel_height"":68.25,""evt_type"":""mouse"",""evt_subtype"":""drag"",""x"":193,""y"":6,""interaction_id"":1,""wi_interaction_id"":12,""wi_subevt_id"":10},{""sys_time"":1440793121340,""expr_ascii"":""x=6-6"",""expr_x"":-231.0703125,""expr_y"":-34.125,""expr_width"":300.05859375,""expr_height"":68.25,""sel_ascii"":""-6"",""sel_x"":82.96484375,""sel_y"":-33.125,""sel_width"":115.0234375,""sel_height"":68.25,""evt_type"":""mouse"",""evt_subtype"":""drag"",""x"":198,""y"":7,""interaction_id"":1,""wi_interaction_id"":13,""wi_subevt_id"":11},{""sys_time"":1440793121356,""expr_ascii"":""x=6-6"",""expr_x"":-231.0703125,""expr_y"":-34.125,""expr_width"":300.05859375,""expr_height"":68.25,""sel_ascii"":""-6"",""sel_x"":87.96484375,""sel_y"":-32.125,""sel_width"":115.0234375,""sel_height"":68.25,""evt_type"":""mouse"",""evt_subtype"":""drag"",""x"":201,""y"":8,""interaction_id"":1,""wi_interaction_id"":14,""wi_subevt_id"":12},{""sys_time"":1440793121373,""expr_ascii"":""x=6-6"",""expr_x"":-231.0703125,""expr_y"":-34.125,""expr_width"":300.05859375,""expr_height"":68.25,""sel_ascii"":""-6"",""sel_x"":90.96484375,""sel_y"":-31.125,""sel_width"":115.0234375,""sel_height"":68.25,""evt_type"":""mouse"",""evt_subtype"":""drag"",""x"":203,""y"":8,""interaction_id"":1,""wi_interaction_id"":15,""wi_subevt_id"":13},{""sys_time"":1440793121391,""expr_ascii"":""x=6-6"",""expr_x"":-231.0703125,""expr_y"":-34.125,""expr_width"":300.05859375,""expr_height"":68.25,""sel_ascii"":""-6"",""sel_x"":92.96484375,""sel_y"":-31.125,""sel_width"":115.0234375,""sel_height"":68.25,""evt_type"":""mouse"",""evt_subtype"":""drag"",""x"":205,""y"":8,""interaction_id"":1,""wi_interaction_id"":16,""wi_subevt_id"":14},{""sys_time"":1440793121414,""expr_ascii"":""x=6-6"",""expr_x"":-231.0703125,""expr_y"":-34.125,""expr_width"":300.05859375,""expr_height"":68.25,""sel_ascii"":""-6"",""sel_x"":94.96484375,""sel_y"":-31.125,""sel_width"":115.0234375,""sel_height"":68.25,""evt_type"":""mouse"",""evt_subtype"":""drag"",""x"":205,""y"":8,""interaction_id"":1,""wi_interaction_id"":17,""wi_subevt_id"":15},{""sys_time"":1440793121424,""evt_type"":""mouse"",""evt_subtype"":""release"",""x"":205,""y"":8,""expr_ascii"":""x=6-6"",""interaction_id"":1,""wi_interaction_id"":18,""wi_subevt_id"":1},{""sys_time"":1440793122645,""expr_ascii"":""x=6-6"",""expr_x"":-140.0234375,""expr_y"":-34.125,""expr_width"":300.05859375,""expr_height"":68.25,""sym_ascii"":""-"",""sym_x"":45.01171875,""sym_y"":-34.125,""sym_width"":70.01171875,""sym_height"":68.25,""sel_ascii"":""-"",""sel_x"":45.01171875,""sel_y"":-34.125,""sel_width"":70.01171875,""sel_height"":68.25,""evt_type"":""mouse"",""evt_subtype"":""touch"",""x"":79,""y"":1,""interaction_id"":2,""wi_interaction_id"":1,""wi_subevt_id"":1},{""sys_time"":1440793122748,""evt_type"":""mouse"",""evt_subtype"":""release"",""x"":79,""y"":1,""expr_ascii"":""x=6-6"",""interaction_id"":2,""wi_interaction_id"":2,""wi_subevt_id"":1},{""sys_time"":1440793122750,""expr_ascii"":""x=6-6"",""expr_x"":-140.0234375,""expr_y"":-34.125,""expr_width"":300.05859375,""expr_height"":68.25,""sym_ascii"":""-"",""sym_x"":45.01171875,""sym_y"":-34.125,""sym_width"":70.01171875,""sym_height"":68.25,""sel_ascii"":""-"",""sel_x"":45.01171875,""sel_y"":-34.125,""sel_width"":70.01171875,""sel_height"":68.25,""evt_type"":""mouse"",""evt_subtype"":""tap"",""x"":79,""y"":1,""interaction_id"":2,""wi_interaction_id"":3,""wi_subevt_id"":1},{""sys_time"":1440793122759,""evt_type"":""math"",""evt_subtype"":""add or subtract numbers"",""expr_ascii"":""x=0"",""interaction_id"":2,""wi_interaction_id"":4,""wi_subevt_id"":1}]","51","+","left","6","6","x=0","","experimental-trial"
"1081","","","rest","instructions","0","13","32762","0-0","","","","","","","","[{""page_index"":0,""viewing_time"":1080}]",""
"1546","fixation.html","3","fixation","html","0","14","35316","0-0.9-0","","","","","","","","","experimental-trial"
"TimeOut","","3","equation","single-gm-equation","0","15","42824","0-0.9-0","[]","11","+","left","2","2","x=0","","experimental-trial"
"1264","","","thankyou","instructions","0","16","45090","0-0.10-0","","","","","","","","[{""page_index"":0,""viewing_time"":1263}]","debrief"
